Id,EAN code,Title,Brand,Magnitude,Unit,Count,w_mag,w_unit,Price,category_tlc,category_mlc,category_llc,Children,Image
40042432,"""9184808404""","(3 Burner Gas Stove - Glass Top Manual Ignition, Ayush 14336)Pigeon by Stovekraft[1]{ pc}<6499>",Pigeon by Stovekraft,1.0,pc,1,1, pc,6499.0,"Kitchen, Garden & Pets",Cookware & Non Stick,Gas Stove,NAN,"[{'s': 'https://www.bigbasket.com/media/uploads/p/s/40042432_7-pigeon-by-stovekraft-3-burner-gas-stove-glass-top-manual-ignition-ayush-14336.jpg', 'm': 'https://www.bigbasket.com/media/uploads/p/m/40042432_7-pigeon-by-stovekraft-3-burner-gas-stove-glass-top-manual-ignition-ayush-14336.jpg', 'l': 'https://www.bigbasket.com/media/uploads/p/l/40042432_7-pigeon-by-stovekraft-3-burner-gas-stove-glass-top-manual-ignition-ayush-14336.jpg'}, {'s': 'https://www.bigbasket.com/media/uploads/p/s/40042432-2_4-pigeon-by-stovekraft-3-burner-gas-stove-glass-top-manual-ignition-ayush-14336.jpg', 'm': 'https://www.bigbasket.com/media/uploads/p/m/40042432-2_4-pigeon-by-stovekraft-3-burner-gas-stove-glass-top-manual-ignition-ayush-14336.jpg', 'l': 'https://www.bigbasket.com/media/uploads/p/l/40042432-2_4-pigeon-by-stovekraft-3-burner-gas-stove-glass-top-manual-ignition-ayush-14336.jpg'}, {'s': 'https://www.bigbasket.com/media/uploads/p/s/40042432-3_4-pigeon-by-stovekraft-3-burner-gas-stove-glass-top-manual-ignition-ayush-14336.jpg', 'm': 'https://www.bigbasket.com/media/uploads/p/m/40042432-3_4-pigeon-by-stovekraft-3-burner-gas-stove-glass-top-manual-ignition-ayush-14336.jpg', 'l': 'https://www.bigbasket.com/media/uploads/p/l/40042432-3_4-pigeon-by-stovekraft-3-burner-gas-stove-glass-top-manual-ignition-ayush-14336.jpg'}, {'s': 'https://www.bigbasket.com/media/uploads/p/s/40042432-4_4-pigeon-by-stovekraft-3-burner-gas-stove-glass-top-manual-ignition-ayush-14336.jpg', 'm': 'https://www.bigbasket.com/media/uploads/p/m/40042432-4_4-pigeon-by-stovekraft-3-burner-gas-stove-glass-top-manual-ignition-ayush-14336.jpg', 'l': 'https://www.bigbasket.com/media/uploads/p/l/40042432-4_4-pigeon-by-stovekraft-3-burner-gas-stove-glass-top-manual-ignition-ayush-14336.jpg'}, {'s': 'https://www.bigbasket.com/media/uploads/p/s/40042432-5_4-pigeon-by-stovekraft-3-burner-gas-stove-glass-top-manual-ignition-ayush-14336.jpg', 'm': 'https://www.bigbasket.com/media/uploads/p/m/40042432-5_4-pigeon-by-stovekraft-3-burner-gas-stove-glass-top-manual-ignition-ayush-14336.jpg', 'l': 'https://www.bigbasket.com/media/uploads/p/l/40042432-5_4-pigeon-by-stovekraft-3-burner-gas-stove-glass-top-manual-ignition-ayush-14336.jpg'}, {'s': 'https://www.bigbasket.com/media/uploads/p/s/40042432-6_4-pigeon-by-stovekraft-3-burner-gas-stove-glass-top-manual-ignition-ayush-14336.jpg', 'm': 'https://www.bigbasket.com/media/uploads/p/m/40042432-6_4-pigeon-by-stovekraft-3-burner-gas-stove-glass-top-manual-ignition-ayush-14336.jpg', 'l': 'https://www.bigbasket.com/media/uploads/p/l/40042432-6_4-pigeon-by-stovekraft-3-burner-gas-stove-glass-top-manual-ignition-ayush-14336.jpg'}, {'s': 'https://www.bigbasket.com/media/uploads/p/s/40042432-7_4-pigeon-by-stovekraft-3-burner-gas-stove-glass-top-manual-ignition-ayush-14336.jpg', 'm': 'https://www.bigbasket.com/media/uploads/p/m/40042432-7_4-pigeon-by-stovekraft-3-burner-gas-stove-glass-top-manual-ignition-ayush-14336.jpg', 'l': 'https://www.bigbasket.com/media/uploads/p/l/40042432-7_4-pigeon-by-stovekraft-3-burner-gas-stove-glass-top-manual-ignition-ayush-14336.jpg'}, {'s': 'https://www.bigbasket.com/media/uploads/p/s/40042432-8_4-pigeon-by-stovekraft-3-burner-gas-stove-glass-top-manual-ignition-ayush-14336.jpg', 'm': 'https://www.bigbasket.com/media/uploads/p/m/40042432-8_4-pigeon-by-stovekraft-3-burner-gas-stove-glass-top-manual-ignition-ayush-14336.jpg', 'l': 'https://www.bigbasket.com/media/uploads/p/l/40042432-8_4-pigeon-by-stovekraft-3-burner-gas-stove-glass-top-manual-ignition-ayush-14336.jpg'}]"
40197798,"""40197798""","(3 Burner Gas Stove - Marvel Plus Glass Tables, GTM03 40189)Prestige[1]{ pc}<8595>",Prestige,1.0,pc,1,1, pc,8595.0,"Kitchen, Garden & Pets",Cookware & Non Stick,Gas Stove,NAN,"[{'s': 'https://www.bigbasket.com/media/uploads/p/s/40197798_3-prestige-3-burner-gas-stove-marvel-plus-glass-tables-gtm03-40189.jpg', 'm': 'https://www.bigbasket.com/media/uploads/p/m/40197798_3-prestige-3-burner-gas-stove-marvel-plus-glass-tables-gtm03-40189.jpg', 'l': 'https://www.bigbasket.com/media/uploads/p/l/40197798_3-prestige-3-burner-gas-stove-marvel-plus-glass-tables-gtm03-40189.jpg'}]"
40177976,"""40177976""","(Gas Stove-2 Burner Royale Plus Schott Glass, Black (40081))Prestige[1]{ pc}<8595>",Prestige,1.0,pc,1,1, pc,8595.0,"Kitchen, Garden & Pets",Cookware & Non Stick,Gas Stove,NAN,"[{'s': 'https://www.bigbasket.com/media/uploads/p/s/40177976_9-prestige-gas-stove-2-burner-royale-plus-schott-glass-black-40081.jpg', 'm': 'https://www.bigbasket.com/media/uploads/p/m/40177976_9-prestige-gas-stove-2-burner-royale-plus-schott-glass-black-40081.jpg', 'l': 'https://www.bigbasket.com/media/uploads/p/l/40177976_9-prestige-gas-stove-2-burner-royale-plus-schott-glass-black-40081.jpg'}, {'s': 'https://www.bigbasket.com/media/uploads/p/s/40177976-2_4-prestige-gas-stove-2-burner-royale-plus-schott-glass-black-40081.jpg', 'm': 'https://www.bigbasket.com/media/uploads/p/m/40177976-2_4-prestige-gas-stove-2-burner-royale-plus-schott-glass-black-40081.jpg', 'l': 'https://www.bigbasket.com/media/uploads/p/l/40177976-2_4-prestige-gas-stove-2-burner-royale-plus-schott-glass-black-40081.jpg'}, {'s': 'https://www.bigbasket.com/media/uploads/p/s/40177976-3_4-prestige-gas-stove-2-burner-royale-plus-schott-glass-black-40081.jpg', 'm': 'https://www.bigbasket.com/media/uploads/p/m/40177976-3_4-prestige-gas-stove-2-burner-royale-plus-schott-glass-black-40081.jpg', 'l': 'https://www.bigbasket.com/media/uploads/p/l/40177976-3_4-prestige-gas-stove-2-burner-royale-plus-schott-glass-black-40081.jpg'}, {'s': 'https://www.bigbasket.com/media/uploads/p/s/40177976-4_4-prestige-gas-stove-2-burner-royale-plus-schott-glass-black-40081.jpg', 'm': 'https://www.bigbasket.com/media/uploads/p/m/40177976-4_4-prestige-gas-stove-2-burner-royale-plus-schott-glass-black-40081.jpg', 'l': 'https://www.bigbasket.com/media/uploads/p/l/40177976-4_4-prestige-gas-stove-2-burner-royale-plus-schott-glass-black-40081.jpg'}, {'s': 'https://www.bigbasket.com/media/uploads/p/s/40177976-5_4-prestige-gas-stove-2-burner-royale-plus-schott-glass-black-40081.jpg', 'm': 'https://www.bigbasket.com/media/uploads/p/m/40177976-5_4-prestige-gas-stove-2-burner-royale-plus-schott-glass-black-40081.jpg', 'l': 'https://www.bigbasket.com/media/uploads/p/l/40177976-5_4-prestige-gas-stove-2-burner-royale-plus-schott-glass-black-40081.jpg'}, {'s': 'https://www.bigbasket.com/media/uploads/p/s/40177976-6_4-prestige-gas-stove-2-burner-royale-plus-schott-glass-black-40081.jpg', 'm': 'https://www.bigbasket.com/media/uploads/p/m/40177976-6_4-prestige-gas-stove-2-burner-royale-plus-schott-glass-black-40081.jpg', 'l': 'https://www.bigbasket.com/media/uploads/p/l/40177976-6_4-prestige-gas-stove-2-burner-royale-plus-schott-glass-black-40081.jpg'}, {'s': 'https://www.bigbasket.com/media/uploads/p/s/40177976-7_4-prestige-gas-stove-2-burner-royale-plus-schott-glass-black-40081.jpg', 'm': 'https://www.bigbasket.com/media/uploads/p/m/40177976-7_4-prestige-gas-stove-2-burner-royale-plus-schott-glass-black-40081.jpg', 'l': 'https://www.bigbasket.com/media/uploads/p/l/40177976-7_4-prestige-gas-stove-2-burner-royale-plus-schott-glass-black-40081.jpg'}]"
40212801,"""40212801""",(2 Burner Eco Delux Stainless Steel Cook Top Gas Stove - Manual Ignition)Surya Flame[1]{ pc}<2995>,Surya Flame,1.0,pc,1,1, pc,2995.0,"Kitchen, Garden & Pets",Cookware & Non Stick,Gas Stove,NAN,"[{'s': 'https://www.bigbasket.com/media/uploads/p/s/40212801_3-surya-flame-2-burner-eco-delux-stainless-steel-cook-top-gas-stove-manual-ignition.jpg', 'm': 'https://www.bigbasket.com/media/uploads/p/m/40212801_3-surya-flame-2-burner-eco-delux-stainless-steel-cook-top-gas-stove-manual-ignition.jpg', 'l': 'https://www.bigbasket.com/media/uploads/p/l/40212801_3-surya-flame-2-burner-eco-delux-stainless-steel-cook-top-gas-stove-manual-ignition.jpg'}, {'s': 'https://www.bigbasket.com/media/uploads/p/s/40212801-2_3-surya-flame-2-burner-eco-delux-stainless-steel-cook-top-gas-stove-manual-ignition.jpg', 'm': 'https://www.bigbasket.com/media/uploads/p/m/40212801-2_3-surya-flame-2-burner-eco-delux-stainless-steel-cook-top-gas-stove-manual-ignition.jpg', 'l': 'https://www.bigbasket.com/media/uploads/p/l/40212801-2_3-surya-flame-2-burner-eco-delux-stainless-steel-cook-top-gas-stove-manual-ignition.jpg'}, {'s': 'https://www.bigbasket.com/media/uploads/p/s/40212801-3_2-surya-flame-2-burner-eco-delux-stainless-steel-cook-top-gas-stove-manual-ignition.jpg', 'm': 'https://www.bigbasket.com/media/uploads/p/m/40212801-3_2-surya-flame-2-burner-eco-delux-stainless-steel-cook-top-gas-stove-manual-ignition.jpg', 'l': 'https://www.bigbasket.com/media/uploads/p/l/40212801-3_2-surya-flame-2-burner-eco-delux-stainless-steel-cook-top-gas-stove-manual-ignition.jpg'}, {'s': 'https://www.bigbasket.com/media/uploads/p/s/40212801-4_2-surya-flame-2-burner-eco-delux-stainless-steel-cook-top-gas-stove-manual-ignition.jpg', 'm': 'https://www.bigbasket.com/media/uploads/p/m/40212801-4_2-surya-flame-2-burner-eco-delux-stainless-steel-cook-top-gas-stove-manual-ignition.jpg', 'l': 'https://www.bigbasket.com/media/uploads/p/l/40212801-4_2-surya-flame-2-burner-eco-delux-stainless-steel-cook-top-gas-stove-manual-ignition.jpg'}, {'s': 'https://www.bigbasket.com/media/uploads/p/s/40212801-5_2-surya-flame-2-burner-eco-delux-stainless-steel-cook-top-gas-stove-manual-ignition.jpg', 'm': 'https://www.bigbasket.com/media/uploads/p/m/40212801-5_2-surya-flame-2-burner-eco-delux-stainless-steel-cook-top-gas-stove-manual-ignition.jpg', 'l': 'https://www.bigbasket.com/media/uploads/p/l/40212801-5_2-surya-flame-2-burner-eco-delux-stainless-steel-cook-top-gas-stove-manual-ignition.jpg'}, {'s': 'https://www.bigbasket.com/media/uploads/p/s/40212801-6_2-surya-flame-2-burner-eco-delux-stainless-steel-cook-top-gas-stove-manual-ignition.jpg', 'm': 'https://www.bigbasket.com/media/uploads/p/m/40212801-6_2-surya-flame-2-burner-eco-delux-stainless-steel-cook-top-gas-stove-manual-ignition.jpg', 'l': 'https://www.bigbasket.com/media/uploads/p/l/40212801-6_2-surya-flame-2-burner-eco-delux-stainless-steel-cook-top-gas-stove-manual-ignition.jpg'}, {'s': 'https://www.bigbasket.com/media/uploads/p/s/40212801-7_2-surya-flame-2-burner-eco-delux-stainless-steel-cook-top-gas-stove-manual-ignition.jpg', 'm': 'https://www.bigbasket.com/media/uploads/p/m/40212801-7_2-surya-flame-2-burner-eco-delux-stainless-steel-cook-top-gas-stove-manual-ignition.jpg', 'l': 'https://www.bigbasket.com/media/uploads/p/l/40212801-7_2-surya-flame-2-burner-eco-delux-stainless-steel-cook-top-gas-stove-manual-ignition.jpg'}, {'s': 'https://www.bigbasket.com/media/uploads/p/s/40212801-8_2-surya-flame-2-burner-eco-delux-stainless-steel-cook-top-gas-stove-manual-ignition.jpg', 'm': 'https://www.bigbasket.com/media/uploads/p/m/40212801-8_2-surya-flame-2-burner-eco-delux-stainless-steel-cook-top-gas-stove-manual-ignition.jpg', 'l': 'https://www.bigbasket.com/media/uploads/p/l/40212801-8_2-surya-flame-2-burner-eco-delux-stainless-steel-cook-top-gas-stove-manual-ignition.jpg'}]"
40200047,"""40200047""","(3 Burner Gas Stove - Magic Glass Tables, GTMC 03 (40184/401842))Prestige[1]{ Pc}<7345>",Prestige,1.0,pc,1,1, Pc,7345.0,"Kitchen, Garden & Pets",Cookware & Non Stick,Gas Stove,NAN,"[{'s': 'https://www.bigbasket.com/media/uploads/p/s/40200047_4-prestige-3-burner-gas-stove-magic-glass-tables-gtmc-03-40184401842.jpg', 'm': 'https://www.bigbasket.com/media/uploads/p/m/40200047_4-prestige-3-burner-gas-stove-magic-glass-tables-gtmc-03-40184401842.jpg', 'l': 'https://www.bigbasket.com/media/uploads/p/l/40200047_4-prestige-3-burner-gas-stove-magic-glass-tables-gtmc-03-40184401842.jpg'}, {'s': 'https://www.bigbasket.com/media/uploads/p/s/40200047-2_1-prestige-3-burner-gas-stove-magic-glass-tables-gtmc-03-40184401842.jpg', 'm': 'https://www.bigbasket.com/media/uploads/p/m/40200047-2_1-prestige-3-burner-gas-stove-magic-glass-tables-gtmc-03-40184401842.jpg', 'l': 'https://www.bigbasket.com/media/uploads/p/l/40200047-2_1-prestige-3-burner-gas-stove-magic-glass-tables-gtmc-03-40184401842.jpg'}, {'s': 'https://www.bigbasket.com/media/uploads/p/s/40200047-3_1-prestige-3-burner-gas-stove-magic-glass-tables-gtmc-03-40184401842.jpg', 'm': 'https://www.bigbasket.com/media/uploads/p/m/40200047-3_1-prestige-3-burner-gas-stove-magic-glass-tables-gtmc-03-40184401842.jpg', 'l': 'https://www.bigbasket.com/media/uploads/p/l/40200047-3_1-prestige-3-burner-gas-stove-magic-glass-tables-gtmc-03-40184401842.jpg'}, {'s': 'https://www.bigbasket.com/media/uploads/p/s/40200047-4_1-prestige-3-burner-gas-stove-magic-glass-tables-gtmc-03-40184401842.jpg', 'm': 'https://www.bigbasket.com/media/uploads/p/m/40200047-4_1-prestige-3-burner-gas-stove-magic-glass-tables-gtmc-03-40184401842.jpg', 'l': 'https://www.bigbasket.com/media/uploads/p/l/40200047-4_1-prestige-3-burner-gas-stove-magic-glass-tables-gtmc-03-40184401842.jpg'}, {'s': 'https://www.bigbasket.com/media/uploads/p/s/40200047-5_1-prestige-3-burner-gas-stove-magic-glass-tables-gtmc-03-40184401842.jpg', 'm': 'https://www.bigbasket.com/media/uploads/p/m/40200047-5_1-prestige-3-burner-gas-stove-magic-glass-tables-gtmc-03-40184401842.jpg', 'l': 'https://www.bigbasket.com/media/uploads/p/l/40200047-5_1-prestige-3-burner-gas-stove-magic-glass-tables-gtmc-03-40184401842.jpg'}]"
40212805,"""40212805""",(3 Burner Crystal MS Cook Top Gas Stove - Manual Ignition)Surya Flame[1]{ pc}<6495>,Surya Flame,1.0,pc,1,1, pc,6495.0,"Kitchen, Garden & Pets",Cookware & Non Stick,Gas Stove,NAN,"[{'s': 'https://www.bigbasket.com/media/uploads/p/s/40212805_1-surya-flame-3-burner-crystal-ms-cook-top-gas-stove-manual-ignition.jpg', 'm': 'https://www.bigbasket.com/media/uploads/p/m/40212805_1-surya-flame-3-burner-crystal-ms-cook-top-gas-stove-manual-ignition.jpg', 'l': 'https://www.bigbasket.com/media/uploads/p/l/40212805_1-surya-flame-3-burner-crystal-ms-cook-top-gas-stove-manual-ignition.jpg'}, {'s': 'https://www.bigbasket.com/media/uploads/p/s/40212805-2_1-surya-flame-3-burner-crystal-ms-cook-top-gas-stove-manual-ignition.jpg', 'm': 'https://www.bigbasket.com/media/uploads/p/m/40212805-2_1-surya-flame-3-burner-crystal-ms-cook-top-gas-stove-manual-ignition.jpg', 'l': 'https://www.bigbasket.com/media/uploads/p/l/40212805-2_1-surya-flame-3-burner-crystal-ms-cook-top-gas-stove-manual-ignition.jpg'}, {'s': 'https://www.bigbasket.com/media/uploads/p/s/40212805-3_1-surya-flame-3-burner-crystal-ms-cook-top-gas-stove-manual-ignition.jpg', 'm': 'https://www.bigbasket.com/media/uploads/p/m/40212805-3_1-surya-flame-3-burner-crystal-ms-cook-top-gas-stove-manual-ignition.jpg', 'l': 'https://www.bigbasket.com/media/uploads/p/l/40212805-3_1-surya-flame-3-burner-crystal-ms-cook-top-gas-stove-manual-ignition.jpg'}]"
40273165,"""40273165""",(2B Infinity Bb NA 2 Burner Gas Stove With Glass Cooktop For Daily Cooking Requirement)Suryaflame[1]{ pc}<3995>,Suryaflame,1.0,pc,1,1, pc,3995.0,"Kitchen, Garden & Pets",Cookware & Non Stick,Gas Stove,NAN,"[{'s': 'https://www.bigbasket.com/media/uploads/p/s/40273165_5-suryaflame-2b-infinity-bb-na-2-burner-gas-stove-with-glass-cooktop-for-daily-cooking-requirement.jpg', 'm': 'https://www.bigbasket.com/media/uploads/p/m/40273165_5-suryaflame-2b-infinity-bb-na-2-burner-gas-stove-with-glass-cooktop-for-daily-cooking-requirement.jpg', 'l': 'https://www.bigbasket.com/media/uploads/p/l/40273165_5-suryaflame-2b-infinity-bb-na-2-burner-gas-stove-with-glass-cooktop-for-daily-cooking-requirement.jpg'}, {'s': 'https://www.bigbasket.com/media/uploads/p/s/40273165-2_1-suryaflame-2b-infinity-bb-na-2-burner-gas-stove-with-glass-cooktop-for-daily-cooking-requirement.jpg', 'm': 'https://www.bigbasket.com/media/uploads/p/m/40273165-2_1-suryaflame-2b-infinity-bb-na-2-burner-gas-stove-with-glass-cooktop-for-daily-cooking-requirement.jpg', 'l': 'https://www.bigbasket.com/media/uploads/p/l/40273165-2_1-suryaflame-2b-infinity-bb-na-2-burner-gas-stove-with-glass-cooktop-for-daily-cooking-requirement.jpg'}, {'s': 'https://www.bigbasket.com/media/uploads/p/s/40273165-3_1-suryaflame-2b-infinity-bb-na-2-burner-gas-stove-with-glass-cooktop-for-daily-cooking-requirement.jpg', 'm': 'https://www.bigbasket.com/media/uploads/p/m/40273165-3_1-suryaflame-2b-infinity-bb-na-2-burner-gas-stove-with-glass-cooktop-for-daily-cooking-requirement.jpg', 'l': 'https://www.bigbasket.com/media/uploads/p/l/40273165-3_1-suryaflame-2b-infinity-bb-na-2-burner-gas-stove-with-glass-cooktop-for-daily-cooking-requirement.jpg'}, {'s': 'https://www.bigbasket.com/media/uploads/p/s/40273165-4_1-suryaflame-2b-infinity-bb-na-2-burner-gas-stove-with-glass-cooktop-for-daily-cooking-requirement.jpg', 'm': 'https://www.bigbasket.com/media/uploads/p/m/40273165-4_1-suryaflame-2b-infinity-bb-na-2-burner-gas-stove-with-glass-cooktop-for-daily-cooking-requirement.jpg', 'l': 'https://www.bigbasket.com/media/uploads/p/l/40273165-4_1-suryaflame-2b-infinity-bb-na-2-burner-gas-stove-with-glass-cooktop-for-daily-cooking-requirement.jpg'}, {'s': 'https://www.bigbasket.com/media/uploads/p/s/40273165-5_1-suryaflame-2b-infinity-bb-na-2-burner-gas-stove-with-glass-cooktop-for-daily-cooking-requirement.jpg', 'm': 'https://www.bigbasket.com/media/uploads/p/m/40273165-5_1-suryaflame-2b-infinity-bb-na-2-burner-gas-stove-with-glass-cooktop-for-daily-cooking-requirement.jpg', 'l': 'https://www.bigbasket.com/media/uploads/p/l/40273165-5_1-suryaflame-2b-infinity-bb-na-2-burner-gas-stove-with-glass-cooktop-for-daily-cooking-requirement.jpg'}, {'s': 'https://www.bigbasket.com/media/uploads/p/s/40273165-6_1-suryaflame-2b-infinity-bb-na-2-burner-gas-stove-with-glass-cooktop-for-daily-cooking-requirement.jpg', 'm': 'https://www.bigbasket.com/media/uploads/p/m/40273165-6_1-suryaflame-2b-infinity-bb-na-2-burner-gas-stove-with-glass-cooktop-for-daily-cooking-requirement.jpg', 'l': 'https://www.bigbasket.com/media/uploads/p/l/40273165-6_1-suryaflame-2b-infinity-bb-na-2-burner-gas-stove-with-glass-cooktop-for-daily-cooking-requirement.jpg'}, {'s': 'https://www.bigbasket.com/media/uploads/p/s/40273165-7_1-suryaflame-2b-infinity-bb-na-2-burner-gas-stove-with-glass-cooktop-for-daily-cooking-requirement.jpg', 'm': 'https://www.bigbasket.com/media/uploads/p/m/40273165-7_1-suryaflame-2b-infinity-bb-na-2-burner-gas-stove-with-glass-cooktop-for-daily-cooking-requirement.jpg', 'l': 'https://www.bigbasket.com/media/uploads/p/l/40273165-7_1-suryaflame-2b-infinity-bb-na-2-burner-gas-stove-with-glass-cooktop-for-daily-cooking-requirement.jpg'}]"
40212802,"""40212802""",(2 Burner Classic MS Cook Top Gas Stove - Manual Ignition)Surya Flame[1]{ pc}<4995>,Surya Flame,1.0,pc,1,1, pc,4995.0,"Kitchen, Garden & Pets",Cookware & Non Stick,Gas Stove,NAN,"[{'s': 'https://www.bigbasket.com/media/uploads/p/s/40212802_2-surya-flame-2-burner-classic-ms-cook-top-gas-stove-manual-ignition.jpg', 'm': 'https://www.bigbasket.com/media/uploads/p/m/40212802_2-surya-flame-2-burner-classic-ms-cook-top-gas-stove-manual-ignition.jpg', 'l': 'https://www.bigbasket.com/media/uploads/p/l/40212802_2-surya-flame-2-burner-classic-ms-cook-top-gas-stove-manual-ignition.jpg'}, {'s': 'https://www.bigbasket.com/media/uploads/p/s/40212802-2_2-surya-flame-2-burner-classic-ms-cook-top-gas-stove-manual-ignition.jpg', 'm': 'https://www.bigbasket.com/media/uploads/p/m/40212802-2_2-surya-flame-2-burner-classic-ms-cook-top-gas-stove-manual-ignition.jpg', 'l': 'https://www.bigbasket.com/media/uploads/p/l/40212802-2_2-surya-flame-2-burner-classic-ms-cook-top-gas-stove-manual-ignition.jpg'}, {'s': 'https://www.bigbasket.com/media/uploads/p/s/40212802-3_1-surya-flame-2-burner-classic-ms-cook-top-gas-stove-manual-ignition.jpg', 'm': 'https://www.bigbasket.com/media/uploads/p/m/40212802-3_1-surya-flame-2-burner-classic-ms-cook-top-gas-stove-manual-ignition.jpg', 'l': 'https://www.bigbasket.com/media/uploads/p/l/40212802-3_1-surya-flame-2-burner-classic-ms-cook-top-gas-stove-manual-ignition.jpg'}, {'s': 'https://www.bigbasket.com/media/uploads/p/s/40212802-4_1-surya-flame-2-burner-classic-ms-cook-top-gas-stove-manual-ignition.jpg', 'm': 'https://www.bigbasket.com/media/uploads/p/m/40212802-4_1-surya-flame-2-burner-classic-ms-cook-top-gas-stove-manual-ignition.jpg', 'l': 'https://www.bigbasket.com/media/uploads/p/l/40212802-4_1-surya-flame-2-burner-classic-ms-cook-top-gas-stove-manual-ignition.jpg'}]"
40212800,"""8906113710794""",(1 Burner Eco Standard Stainless Steel Cook Top Gas Stove - Manual Ignition)Surya Flame[1]{ pc}<1595>,Surya Flame,1.0,pc,1,1, pc,1595.0,"Kitchen, Garden & Pets",Cookware & Non Stick,Gas Stove,NAN,"[{'s': 'https://www.bigbasket.com/media/uploads/p/s/40212800_1-surya-flame-1-burner-eco-standard-stainless-steel-cook-top-gas-stove-manual-ignition.jpg', 'm': 'https://www.bigbasket.com/media/uploads/p/m/40212800_1-surya-flame-1-burner-eco-standard-stainless-steel-cook-top-gas-stove-manual-ignition.jpg', 'l': 'https://www.bigbasket.com/media/uploads/p/l/40212800_1-surya-flame-1-burner-eco-standard-stainless-steel-cook-top-gas-stove-manual-ignition.jpg'}, {'s': 'https://www.bigbasket.com/media/uploads/p/s/40212800-2_1-surya-flame-1-burner-eco-standard-stainless-steel-cook-top-gas-stove-manual-ignition.jpg', 'm': 'https://www.bigbasket.com/media/uploads/p/m/40212800-2_1-surya-flame-1-burner-eco-standard-stainless-steel-cook-top-gas-stove-manual-ignition.jpg', 'l': 'https://www.bigbasket.com/media/uploads/p/l/40212800-2_1-surya-flame-1-burner-eco-standard-stainless-steel-cook-top-gas-stove-manual-ignition.jpg'}, {'s': 'https://www.bigbasket.com/media/uploads/p/s/40212800-3_1-surya-flame-1-burner-eco-standard-stainless-steel-cook-top-gas-stove-manual-ignition.jpg', 'm': 'https://www.bigbasket.com/media/uploads/p/m/40212800-3_1-surya-flame-1-burner-eco-standard-stainless-steel-cook-top-gas-stove-manual-ignition.jpg', 'l': 'https://www.bigbasket.com/media/uploads/p/l/40212800-3_1-surya-flame-1-burner-eco-standard-stainless-steel-cook-top-gas-stove-manual-ignition.jpg'}]"
40273166,"""40273166""",(3B Infinity Bb NA 3 Burner Gas Stove With Glass Cooktop For Daily Cooking Requirement)Suryaflame[1]{ pc}<5995>,Suryaflame,1.0,pc,1,1, pc,5995.0,"Kitchen, Garden & Pets",Cookware & Non Stick,Gas Stove,NAN,"[{'s': 'https://www.bigbasket.com/media/uploads/p/s/40273166_5-suryaflame-3b-infinity-bb-na-3-burner-gas-stove-with-glass-cooktop-for-daily-cooking-requirement.jpg', 'm': 'https://www.bigbasket.com/media/uploads/p/m/40273166_5-suryaflame-3b-infinity-bb-na-3-burner-gas-stove-with-glass-cooktop-for-daily-cooking-requirement.jpg', 'l': 'https://www.bigbasket.com/media/uploads/p/l/40273166_5-suryaflame-3b-infinity-bb-na-3-burner-gas-stove-with-glass-cooktop-for-daily-cooking-requirement.jpg'}, {'s': 'https://www.bigbasket.com/media/uploads/p/s/40273166-2_1-suryaflame-3b-infinity-bb-na-3-burner-gas-stove-with-glass-cooktop-for-daily-cooking-requirement.jpg', 'm': 'https://www.bigbasket.com/media/uploads/p/m/40273166-2_1-suryaflame-3b-infinity-bb-na-3-burner-gas-stove-with-glass-cooktop-for-daily-cooking-requirement.jpg', 'l': 'https://www.bigbasket.com/media/uploads/p/l/40273166-2_1-suryaflame-3b-infinity-bb-na-3-burner-gas-stove-with-glass-cooktop-for-daily-cooking-requirement.jpg'}, {'s': 'https://www.bigbasket.com/media/uploads/p/s/40273166-3_1-suryaflame-3b-infinity-bb-na-3-burner-gas-stove-with-glass-cooktop-for-daily-cooking-requirement.jpg', 'm': 'https://www.bigbasket.com/media/uploads/p/m/40273166-3_1-suryaflame-3b-infinity-bb-na-3-burner-gas-stove-with-glass-cooktop-for-daily-cooking-requirement.jpg', 'l': 'https://www.bigbasket.com/media/uploads/p/l/40273166-3_1-suryaflame-3b-infinity-bb-na-3-burner-gas-stove-with-glass-cooktop-for-daily-cooking-requirement.jpg'}, {'s': 'https://www.bigbasket.com/media/uploads/p/s/40273166-4_1-suryaflame-3b-infinity-bb-na-3-burner-gas-stove-with-glass-cooktop-for-daily-cooking-requirement.jpg', 'm': 'https://www.bigbasket.com/media/uploads/p/m/40273166-4_1-suryaflame-3b-infinity-bb-na-3-burner-gas-stove-with-glass-cooktop-for-daily-cooking-requirement.jpg', 'l': 'https://www.bigbasket.com/media/uploads/p/l/40273166-4_1-suryaflame-3b-infinity-bb-na-3-burner-gas-stove-with-glass-cooktop-for-daily-cooking-requirement.jpg'}, {'s': 'https://www.bigbasket.com/media/uploads/p/s/40273166-5_1-suryaflame-3b-infinity-bb-na-3-burner-gas-stove-with-glass-cooktop-for-daily-cooking-requirement.jpg', 'm': 'https://www.bigbasket.com/media/uploads/p/m/40273166-5_1-suryaflame-3b-infinity-bb-na-3-burner-gas-stove-with-glass-cooktop-for-daily-cooking-requirement.jpg', 'l': 'https://www.bigbasket.com/media/uploads/p/l/40273166-5_1-suryaflame-3b-infinity-bb-na-3-burner-gas-stove-with-glass-cooktop-for-daily-cooking-requirement.jpg'}, {'s': 'https://www.bigbasket.com/media/uploads/p/s/40273166-6_1-suryaflame-3b-infinity-bb-na-3-burner-gas-stove-with-glass-cooktop-for-daily-cooking-requirement.jpg', 'm': 'https://www.bigbasket.com/media/uploads/p/m/40273166-6_1-suryaflame-3b-infinity-bb-na-3-burner-gas-stove-with-glass-cooktop-for-daily-cooking-requirement.jpg', 'l': 'https://www.bigbasket.com/media/uploads/p/l/40273166-6_1-suryaflame-3b-infinity-bb-na-3-burner-gas-stove-with-glass-cooktop-for-daily-cooking-requirement.jpg'}, {'s': 'https://www.bigbasket.com/media/uploads/p/s/40273166-7_1-suryaflame-3b-infinity-bb-na-3-burner-gas-stove-with-glass-cooktop-for-daily-cooking-requirement.jpg', 'm': 'https://www.bigbasket.com/media/uploads/p/m/40273166-7_1-suryaflame-3b-infinity-bb-na-3-burner-gas-stove-with-glass-cooktop-for-daily-cooking-requirement.jpg', 'l': 'https://www.bigbasket.com/media/uploads/p/l/40273166-7_1-suryaflame-3b-infinity-bb-na-3-burner-gas-stove-with-glass-cooktop-for-daily-cooking-requirement.jpg'}]"
40177977,"""40177977""","(Gas Stove-3 Burner Royale Plus Schott Glass, Black (40177))Prestige[1]{ pc}<11695>",Prestige,1.0,pc,1,1, pc,11695.0,"Kitchen, Garden & Pets",Cookware & Non Stick,Gas Stove,NAN,"[{'s': 'https://www.bigbasket.com/media/uploads/p/s/40177977_9-prestige-gas-stove-3-burner-royale-plus-schott-glass-black-40177.jpg', 'm': 'https://www.bigbasket.com/media/uploads/p/m/40177977_9-prestige-gas-stove-3-burner-royale-plus-schott-glass-black-40177.jpg', 'l': 'https://www.bigbasket.com/media/uploads/p/l/40177977_9-prestige-gas-stove-3-burner-royale-plus-schott-glass-black-40177.jpg'}, {'s': 'https://www.bigbasket.com/media/uploads/p/s/40177977-2_4-prestige-gas-stove-3-burner-royale-plus-schott-glass-black-40177.jpg', 'm': 'https://www.bigbasket.com/media/uploads/p/m/40177977-2_4-prestige-gas-stove-3-burner-royale-plus-schott-glass-black-40177.jpg', 'l': 'https://www.bigbasket.com/media/uploads/p/l/40177977-2_4-prestige-gas-stove-3-burner-royale-plus-schott-glass-black-40177.jpg'}, {'s': 'https://www.bigbasket.com/media/uploads/p/s/40177977-3_4-prestige-gas-stove-3-burner-royale-plus-schott-glass-black-40177.jpg', 'm': 'https://www.bigbasket.com/media/uploads/p/m/40177977-3_4-prestige-gas-stove-3-burner-royale-plus-schott-glass-black-40177.jpg', 'l': 'https://www.bigbasket.com/media/uploads/p/l/40177977-3_4-prestige-gas-stove-3-burner-royale-plus-schott-glass-black-40177.jpg'}, {'s': 'https://www.bigbasket.com/media/uploads/p/s/40177977-4_4-prestige-gas-stove-3-burner-royale-plus-schott-glass-black-40177.jpg', 'm': 'https://www.bigbasket.com/media/uploads/p/m/40177977-4_4-prestige-gas-stove-3-burner-royale-plus-schott-glass-black-40177.jpg', 'l': 'https://www.bigbasket.com/media/uploads/p/l/40177977-4_4-prestige-gas-stove-3-burner-royale-plus-schott-glass-black-40177.jpg'}, {'s': 'https://www.bigbasket.com/media/uploads/p/s/40177977-5_4-prestige-gas-stove-3-burner-royale-plus-schott-glass-black-40177.jpg', 'm': 'https://www.bigbasket.com/media/uploads/p/m/40177977-5_4-prestige-gas-stove-3-burner-royale-plus-schott-glass-black-40177.jpg', 'l': 'https://www.bigbasket.com/media/uploads/p/l/40177977-5_4-prestige-gas-stove-3-burner-royale-plus-schott-glass-black-40177.jpg'}, {'s': 'https://www.bigbasket.com/media/uploads/p/s/40177977-6_4-prestige-gas-stove-3-burner-royale-plus-schott-glass-black-40177.jpg', 'm': 'https://www.bigbasket.com/media/uploads/p/m/40177977-6_4-prestige-gas-stove-3-burner-royale-plus-schott-glass-black-40177.jpg', 'l': 'https://www.bigbasket.com/media/uploads/p/l/40177977-6_4-prestige-gas-stove-3-burner-royale-plus-schott-glass-black-40177.jpg'}, {'s': 'https://www.bigbasket.com/media/uploads/p/s/40177977-7_4-prestige-gas-stove-3-burner-royale-plus-schott-glass-black-40177.jpg', 'm': 'https://www.bigbasket.com/media/uploads/p/m/40177977-7_4-prestige-gas-stove-3-burner-royale-plus-schott-glass-black-40177.jpg', 'l': 'https://www.bigbasket.com/media/uploads/p/l/40177977-7_4-prestige-gas-stove-3-burner-royale-plus-schott-glass-black-40177.jpg'}]"
40197797,"""40197797""","(2 Burner Gas Stove - Marvel Plus Glass Tables, GTM02 40094)Prestige[1]{ pc}<6845>",Prestige,1.0,pc,1,1, pc,6845.0,"Kitchen, Garden & Pets",Cookware & Non Stick,Gas Stove,NAN,"[{'s': 'https://www.bigbasket.com/media/uploads/p/s/40197797_3-prestige-2-burner-gas-stove-marvel-plus-glass-tables-gtm02-40094.jpg', 'm': 'https://www.bigbasket.com/media/uploads/p/m/40197797_3-prestige-2-burner-gas-stove-marvel-plus-glass-tables-gtm02-40094.jpg', 'l': 'https://www.bigbasket.com/media/uploads/p/l/40197797_3-prestige-2-burner-gas-stove-marvel-plus-glass-tables-gtm02-40094.jpg'}]"
40212804,"""40212804""",(4 Burner Glaze MS Cook Top Gas Stove - Manual Ignition)Surya Flame[1]{ pc}<8595>,Surya Flame,1.0,pc,1,1, pc,8595.0,"Kitchen, Garden & Pets",Cookware & Non Stick,Gas Stove,NAN,"[{'s': 'https://www.bigbasket.com/media/uploads/p/s/40212804_2-surya-flame-4-burner-glaze-ms-cook-top-gas-stove-manual-ignition.jpg', 'm': 'https://www.bigbasket.com/media/uploads/p/m/40212804_2-surya-flame-4-burner-glaze-ms-cook-top-gas-stove-manual-ignition.jpg', 'l': 'https://www.bigbasket.com/media/uploads/p/l/40212804_2-surya-flame-4-burner-glaze-ms-cook-top-gas-stove-manual-ignition.jpg'}, {'s': 'https://www.bigbasket.com/media/uploads/p/s/40212804-2_2-surya-flame-4-burner-glaze-ms-cook-top-gas-stove-manual-ignition.jpg', 'm': 'https://www.bigbasket.com/media/uploads/p/m/40212804-2_2-surya-flame-4-burner-glaze-ms-cook-top-gas-stove-manual-ignition.jpg', 'l': 'https://www.bigbasket.com/media/uploads/p/l/40212804-2_2-surya-flame-4-burner-glaze-ms-cook-top-gas-stove-manual-ignition.jpg'}, {'s': 'https://www.bigbasket.com/media/uploads/p/s/40212804-3_1-surya-flame-4-burner-glaze-ms-cook-top-gas-stove-manual-ignition.jpg', 'm': 'https://www.bigbasket.com/media/uploads/p/m/40212804-3_1-surya-flame-4-burner-glaze-ms-cook-top-gas-stove-manual-ignition.jpg', 'l': 'https://www.bigbasket.com/media/uploads/p/l/40212804-3_1-surya-flame-4-burner-glaze-ms-cook-top-gas-stove-manual-ignition.jpg'}]"
40212803,"""40212803""",(3 Burner Glaze MS Cook Top Gas Stove - Manual Ignition)Surya Flame[1]{ pc}<7345>,Surya Flame,1.0,pc,1,1, pc,7345.0,"Kitchen, Garden & Pets",Cookware & Non Stick,Gas Stove,NAN,"[{'s': 'https://www.bigbasket.com/media/uploads/p/s/40212803_2-surya-flame-3-burner-glaze-ms-cook-top-gas-stove-manual-ignition.jpg', 'm': 'https://www.bigbasket.com/media/uploads/p/m/40212803_2-surya-flame-3-burner-glaze-ms-cook-top-gas-stove-manual-ignition.jpg', 'l': 'https://www.bigbasket.com/media/uploads/p/l/40212803_2-surya-flame-3-burner-glaze-ms-cook-top-gas-stove-manual-ignition.jpg'}, {'s': 'https://www.bigbasket.com/media/uploads/p/s/40212803-2_2-surya-flame-3-burner-glaze-ms-cook-top-gas-stove-manual-ignition.jpg', 'm': 'https://www.bigbasket.com/media/uploads/p/m/40212803-2_2-surya-flame-3-burner-glaze-ms-cook-top-gas-stove-manual-ignition.jpg', 'l': 'https://www.bigbasket.com/media/uploads/p/l/40212803-2_2-surya-flame-3-burner-glaze-ms-cook-top-gas-stove-manual-ignition.jpg'}, {'s': 'https://www.bigbasket.com/media/uploads/p/s/40212803-3_1-surya-flame-3-burner-glaze-ms-cook-top-gas-stove-manual-ignition.jpg', 'm': 'https://www.bigbasket.com/media/uploads/p/m/40212803-3_1-surya-flame-3-burner-glaze-ms-cook-top-gas-stove-manual-ignition.jpg', 'l': 'https://www.bigbasket.com/media/uploads/p/l/40212803-3_1-surya-flame-3-burner-glaze-ms-cook-top-gas-stove-manual-ignition.jpg'}]"
40197799,"""40197799""","(4 Burner Gas Stove - Marvel Plus Glass Tables, GTM04 40355)Prestige[1]{ pc}<10695>",Prestige,1.0,pc,1,1, pc,10695.0,"Kitchen, Garden & Pets",Cookware & Non Stick,Gas Stove,NAN,"[{'s': 'https://www.bigbasket.com/media/uploads/p/s/40197799_3-prestige-4-burner-gas-stove-marvel-plus-glass-tables-gtm04-40355.jpg', 'm': 'https://www.bigbasket.com/media/uploads/p/m/40197799_3-prestige-4-burner-gas-stove-marvel-plus-glass-tables-gtm04-40355.jpg', 'l': 'https://www.bigbasket.com/media/uploads/p/l/40197799_3-prestige-4-burner-gas-stove-marvel-plus-glass-tables-gtm04-40355.jpg'}]"
40273164,"""40273164""",(2B Comfort Bb NA 2 Burner Gas Stove For Daily Cooking Requirement)Suryaflame[1]{ pc}<3095>,Suryaflame,1.0,pc,1,1, pc,3095.0,"Kitchen, Garden & Pets",Cookware & Non Stick,Gas Stove,NAN,"[{'s': 'https://www.bigbasket.com/media/uploads/p/s/40273164_5-suryaflame-2b-comfort-bb-na-2-burner-gas-stove-for-daily-cooking-requirement.jpg', 'm': 'https://www.bigbasket.com/media/uploads/p/m/40273164_5-suryaflame-2b-comfort-bb-na-2-burner-gas-stove-for-daily-cooking-requirement.jpg', 'l': 'https://www.bigbasket.com/media/uploads/p/l/40273164_5-suryaflame-2b-comfort-bb-na-2-burner-gas-stove-for-daily-cooking-requirement.jpg'}, {'s': 'https://www.bigbasket.com/media/uploads/p/s/40273164-2_1-suryaflame-2b-comfort-bb-na-2-burner-gas-stove-for-daily-cooking-requirement.jpg', 'm': 'https://www.bigbasket.com/media/uploads/p/m/40273164-2_1-suryaflame-2b-comfort-bb-na-2-burner-gas-stove-for-daily-cooking-requirement.jpg', 'l': 'https://www.bigbasket.com/media/uploads/p/l/40273164-2_1-suryaflame-2b-comfort-bb-na-2-burner-gas-stove-for-daily-cooking-requirement.jpg'}, {'s': 'https://www.bigbasket.com/media/uploads/p/s/40273164-3_1-suryaflame-2b-comfort-bb-na-2-burner-gas-stove-for-daily-cooking-requirement.jpg', 'm': 'https://www.bigbasket.com/media/uploads/p/m/40273164-3_1-suryaflame-2b-comfort-bb-na-2-burner-gas-stove-for-daily-cooking-requirement.jpg', 'l': 'https://www.bigbasket.com/media/uploads/p/l/40273164-3_1-suryaflame-2b-comfort-bb-na-2-burner-gas-stove-for-daily-cooking-requirement.jpg'}, {'s': 'https://www.bigbasket.com/media/uploads/p/s/40273164-4_1-suryaflame-2b-comfort-bb-na-2-burner-gas-stove-for-daily-cooking-requirement.jpg', 'm': 'https://www.bigbasket.com/media/uploads/p/m/40273164-4_1-suryaflame-2b-comfort-bb-na-2-burner-gas-stove-for-daily-cooking-requirement.jpg', 'l': 'https://www.bigbasket.com/media/uploads/p/l/40273164-4_1-suryaflame-2b-comfort-bb-na-2-burner-gas-stove-for-daily-cooking-requirement.jpg'}, {'s': 'https://www.bigbasket.com/media/uploads/p/s/40273164-5_1-suryaflame-2b-comfort-bb-na-2-burner-gas-stove-for-daily-cooking-requirement.jpg', 'm': 'https://www.bigbasket.com/media/uploads/p/m/40273164-5_1-suryaflame-2b-comfort-bb-na-2-burner-gas-stove-for-daily-cooking-requirement.jpg', 'l': 'https://www.bigbasket.com/media/uploads/p/l/40273164-5_1-suryaflame-2b-comfort-bb-na-2-burner-gas-stove-for-daily-cooking-requirement.jpg'}, {'s': 'https://www.bigbasket.com/media/uploads/p/s/40273164-6_1-suryaflame-2b-comfort-bb-na-2-burner-gas-stove-for-daily-cooking-requirement.jpg', 'm': 'https://www.bigbasket.com/media/uploads/p/m/40273164-6_1-suryaflame-2b-comfort-bb-na-2-burner-gas-stove-for-daily-cooking-requirement.jpg', 'l': 'https://www.bigbasket.com/media/uploads/p/l/40273164-6_1-suryaflame-2b-comfort-bb-na-2-burner-gas-stove-for-daily-cooking-requirement.jpg'}, {'s': 'https://www.bigbasket.com/media/uploads/p/s/40273164-7_1-suryaflame-2b-comfort-bb-na-2-burner-gas-stove-for-daily-cooking-requirement.jpg', 'm': 'https://www.bigbasket.com/media/uploads/p/m/40273164-7_1-suryaflame-2b-comfort-bb-na-2-burner-gas-stove-for-daily-cooking-requirement.jpg', 'l': 'https://www.bigbasket.com/media/uploads/p/l/40273164-7_1-suryaflame-2b-comfort-bb-na-2-burner-gas-stove-for-daily-cooking-requirement.jpg'}]"
40177978,"""40177978""","(Gas Stove-4 Burner Royale Plus Schott Glass, Black (40278))Prestige[1]{ pc}<12695>",Prestige,1.0,pc,1,1, pc,12695.0,"Kitchen, Garden & Pets",Cookware & Non Stick,Gas Stove,NAN,"[{'s': 'https://www.bigbasket.com/media/uploads/p/s/40177978_7-prestige-gas-stove-4-burner-royale-plus-schott-glass-black-40278.jpg', 'm': 'https://www.bigbasket.com/media/uploads/p/m/40177978_7-prestige-gas-stove-4-burner-royale-plus-schott-glass-black-40278.jpg', 'l': 'https://www.bigbasket.com/media/uploads/p/l/40177978_7-prestige-gas-stove-4-burner-royale-plus-schott-glass-black-40278.jpg'}, {'s': 'https://www.bigbasket.com/media/uploads/p/s/40177978-2_3-prestige-gas-stove-4-burner-royale-plus-schott-glass-black-40278.jpg', 'm': 'https://www.bigbasket.com/media/uploads/p/m/40177978-2_3-prestige-gas-stove-4-burner-royale-plus-schott-glass-black-40278.jpg', 'l': 'https://www.bigbasket.com/media/uploads/p/l/40177978-2_3-prestige-gas-stove-4-burner-royale-plus-schott-glass-black-40278.jpg'}, {'s': 'https://www.bigbasket.com/media/uploads/p/s/40177978-3_3-prestige-gas-stove-4-burner-royale-plus-schott-glass-black-40278.jpg', 'm': 'https://www.bigbasket.com/media/uploads/p/m/40177978-3_3-prestige-gas-stove-4-burner-royale-plus-schott-glass-black-40278.jpg', 'l': 'https://www.bigbasket.com/media/uploads/p/l/40177978-3_3-prestige-gas-stove-4-burner-royale-plus-schott-glass-black-40278.jpg'}, {'s': 'https://www.bigbasket.com/media/uploads/p/s/40177978-4_3-prestige-gas-stove-4-burner-royale-plus-schott-glass-black-40278.jpg', 'm': 'https://www.bigbasket.com/media/uploads/p/m/40177978-4_3-prestige-gas-stove-4-burner-royale-plus-schott-glass-black-40278.jpg', 'l': 'https://www.bigbasket.com/media/uploads/p/l/40177978-4_3-prestige-gas-stove-4-burner-royale-plus-schott-glass-black-40278.jpg'}, {'s': 'https://www.bigbasket.com/media/uploads/p/s/40177978-5_3-prestige-gas-stove-4-burner-royale-plus-schott-glass-black-40278.jpg', 'm': 'https://www.bigbasket.com/media/uploads/p/m/40177978-5_3-prestige-gas-stove-4-burner-royale-plus-schott-glass-black-40278.jpg', 'l': 'https://www.bigbasket.com/media/uploads/p/l/40177978-5_3-prestige-gas-stove-4-burner-royale-plus-schott-glass-black-40278.jpg'}, {'s': 'https://www.bigbasket.com/media/uploads/p/s/40177978-6_3-prestige-gas-stove-4-burner-royale-plus-schott-glass-black-40278.jpg', 'm': 'https://www.bigbasket.com/media/uploads/p/m/40177978-6_3-prestige-gas-stove-4-burner-royale-plus-schott-glass-black-40278.jpg', 'l': 'https://www.bigbasket.com/media/uploads/p/l/40177978-6_3-prestige-gas-stove-4-burner-royale-plus-schott-glass-black-40278.jpg'}, {'s': 'https://www.bigbasket.com/media/uploads/p/s/40177978-7_3-prestige-gas-stove-4-burner-royale-plus-schott-glass-black-40278.jpg', 'm': 'https://www.bigbasket.com/media/uploads/p/m/40177978-7_3-prestige-gas-stove-4-burner-royale-plus-schott-glass-black-40278.jpg', 'l': 'https://www.bigbasket.com/media/uploads/p/l/40177978-7_3-prestige-gas-stove-4-burner-royale-plus-schott-glass-black-40278.jpg'}]"
40304308,"""8904214722128""",(Ultima Glass Single Burner Cooktop)Wonderchef[1]{ pc}<3500>,Wonderchef,1.0,pc,1,1, pc,3500.0,"Kitchen, Garden & Pets",Cookware & Non Stick,Gas Stove,NAN,"[{'s': 'https://www.bigbasket.com/media/uploads/p/s/40304308_1-wonderchef-ultima-glass-single-burner-cooktop.jpg', 'm': 'https://www.bigbasket.com/media/uploads/p/m/40304308_1-wonderchef-ultima-glass-single-burner-cooktop.jpg', 'l': 'https://www.bigbasket.com/media/uploads/p/l/40304308_1-wonderchef-ultima-glass-single-burner-cooktop.jpg'}, {'s': 'https://www.bigbasket.com/media/uploads/p/s/40304308-2_1-wonderchef-ultima-glass-single-burner-cooktop.jpg', 'm': 'https://www.bigbasket.com/media/uploads/p/m/40304308-2_1-wonderchef-ultima-glass-single-burner-cooktop.jpg', 'l': 'https://www.bigbasket.com/media/uploads/p/l/40304308-2_1-wonderchef-ultima-glass-single-burner-cooktop.jpg'}, {'s': 'https://www.bigbasket.com/media/uploads/p/s/40304308-3_1-wonderchef-ultima-glass-single-burner-cooktop.jpg', 'm': 'https://www.bigbasket.com/media/uploads/p/m/40304308-3_1-wonderchef-ultima-glass-single-burner-cooktop.jpg', 'l': 'https://www.bigbasket.com/media/uploads/p/l/40304308-3_1-wonderchef-ultima-glass-single-burner-cooktop.jpg'}, {'s': 'https://www.bigbasket.com/media/uploads/p/s/40304308-4_1-wonderchef-ultima-glass-single-burner-cooktop.jpg', 'm': 'https://www.bigbasket.com/media/uploads/p/m/40304308-4_1-wonderchef-ultima-glass-single-burner-cooktop.jpg', 'l': 'https://www.bigbasket.com/media/uploads/p/l/40304308-4_1-wonderchef-ultima-glass-single-burner-cooktop.jpg'}, {'s': 'https://www.bigbasket.com/media/uploads/p/s/40304308-5_1-wonderchef-ultima-glass-single-burner-cooktop.jpg', 'm': 'https://www.bigbasket.com/media/uploads/p/m/40304308-5_1-wonderchef-ultima-glass-single-burner-cooktop.jpg', 'l': 'https://www.bigbasket.com/media/uploads/p/l/40304308-5_1-wonderchef-ultima-glass-single-burner-cooktop.jpg'}, {'s': 'https://www.bigbasket.com/media/uploads/p/s/40304308-6_1-wonderchef-ultima-glass-single-burner-cooktop.jpg', 'm': 'https://www.bigbasket.com/media/uploads/p/m/40304308-6_1-wonderchef-ultima-glass-single-burner-cooktop.jpg', 'l': 'https://www.bigbasket.com/media/uploads/p/l/40304308-6_1-wonderchef-ultima-glass-single-burner-cooktop.jpg'}]"
40317522,"""8904216512673""","(Aster 3 Burner Glasstop Stove - Black, Manual Ignition)Pigeon by Stovekraft[1]{ pc}<5335>",Pigeon by Stovekraft,1.0,pc,1,1, pc,5335.0,"Kitchen, Garden & Pets",Cookware & Non Stick,Gas Stove,NAN,"[{'s': 'https://www.bigbasket.com/media/uploads/p/s/40317522_5-pigeon-aster-3-burner-glasstop-stove-black-manual-ignition.jpg', 'm': 'https://www.bigbasket.com/media/uploads/p/m/40317522_5-pigeon-aster-3-burner-glasstop-stove-black-manual-ignition.jpg', 'l': 'https://www.bigbasket.com/media/uploads/p/l/40317522_5-pigeon-aster-3-burner-glasstop-stove-black-manual-ignition.jpg'}, {'s': 'https://www.bigbasket.com/media/uploads/p/s/40317522-2_4-pigeon-aster-3-burner-glasstop-stove-black-manual-ignition.jpg', 'm': 'https://www.bigbasket.com/media/uploads/p/m/40317522-2_4-pigeon-aster-3-burner-glasstop-stove-black-manual-ignition.jpg', 'l': 'https://www.bigbasket.com/media/uploads/p/l/40317522-2_4-pigeon-aster-3-burner-glasstop-stove-black-manual-ignition.jpg'}, {'s': 'https://www.bigbasket.com/media/uploads/p/s/40317522-3_5-pigeon-aster-3-burner-glasstop-stove-black-manual-ignition.jpg', 'm': 'https://www.bigbasket.com/media/uploads/p/m/40317522-3_5-pigeon-aster-3-burner-glasstop-stove-black-manual-ignition.jpg', 'l': 'https://www.bigbasket.com/media/uploads/p/l/40317522-3_5-pigeon-aster-3-burner-glasstop-stove-black-manual-ignition.jpg'}, {'s': 'https://www.bigbasket.com/media/uploads/p/s/40317522-4_4-pigeon-aster-3-burner-glasstop-stove-black-manual-ignition.jpg', 'm': 'https://www.bigbasket.com/media/uploads/p/m/40317522-4_4-pigeon-aster-3-burner-glasstop-stove-black-manual-ignition.jpg', 'l': 'https://www.bigbasket.com/media/uploads/p/l/40317522-4_4-pigeon-aster-3-burner-glasstop-stove-black-manual-ignition.jpg'}, {'s': 'https://www.bigbasket.com/media/uploads/p/s/40317522-5_4-pigeon-aster-3-burner-glasstop-stove-black-manual-ignition.jpg', 'm': 'https://www.bigbasket.com/media/uploads/p/m/40317522-5_4-pigeon-aster-3-burner-glasstop-stove-black-manual-ignition.jpg', 'l': 'https://www.bigbasket.com/media/uploads/p/l/40317522-5_4-pigeon-aster-3-burner-glasstop-stove-black-manual-ignition.jpg'}, {'s': 'https://www.bigbasket.com/media/uploads/p/s/40317522-6_4-pigeon-aster-3-burner-glasstop-stove-black-manual-ignition.jpg', 'm': 'https://www.bigbasket.com/media/uploads/p/m/40317522-6_4-pigeon-aster-3-burner-glasstop-stove-black-manual-ignition.jpg', 'l': 'https://www.bigbasket.com/media/uploads/p/l/40317522-6_4-pigeon-aster-3-burner-glasstop-stove-black-manual-ignition.jpg'}]"
40311958,"""40311958""","(Ruby Plus Glass Manual Gas Stove - 1 Glass Top, 2 Brass Burners, 2 Heavy Pan Supports With 2 Years Warranty)Wonderchef[1]{ pc}<4500>",Wonderchef,1.0,pc,1,1, pc,4500.0,"Kitchen, Garden & Pets",Cookware & Non Stick,Gas Stove,NAN,"[{'s': 'https://www.bigbasket.com/media/uploads/p/s/40311958_1-wonderchef-ruby-plus-glass-manual-gas-stove-1-glass-top-2-brass-burners-2-heavy-pan-supports-with-2-years-warranty.jpg', 'm': 'https://www.bigbasket.com/media/uploads/p/m/40311958_1-wonderchef-ruby-plus-glass-manual-gas-stove-1-glass-top-2-brass-burners-2-heavy-pan-supports-with-2-years-warranty.jpg', 'l': 'https://www.bigbasket.com/media/uploads/p/l/40311958_1-wonderchef-ruby-plus-glass-manual-gas-stove-1-glass-top-2-brass-burners-2-heavy-pan-supports-with-2-years-warranty.jpg'}, {'s': 'https://www.bigbasket.com/media/uploads/p/s/40311958-2_1-wonderchef-ruby-plus-glass-manual-gas-stove-1-glass-top-2-brass-burners-2-heavy-pan-supports-with-2-years-warranty.jpg', 'm': 'https://www.bigbasket.com/media/uploads/p/m/40311958-2_1-wonderchef-ruby-plus-glass-manual-gas-stove-1-glass-top-2-brass-burners-2-heavy-pan-supports-with-2-years-warranty.jpg', 'l': 'https://www.bigbasket.com/media/uploads/p/l/40311958-2_1-wonderchef-ruby-plus-glass-manual-gas-stove-1-glass-top-2-brass-burners-2-heavy-pan-supports-with-2-years-warranty.jpg'}, {'s': 'https://www.bigbasket.com/media/uploads/p/s/40311958-3_1-wonderchef-ruby-plus-glass-manual-gas-stove-1-glass-top-2-brass-burners-2-heavy-pan-supports-with-2-years-warranty.jpg', 'm': 'https://www.bigbasket.com/media/uploads/p/m/40311958-3_1-wonderchef-ruby-plus-glass-manual-gas-stove-1-glass-top-2-brass-burners-2-heavy-pan-supports-with-2-years-warranty.jpg', 'l': 'https://www.bigbasket.com/media/uploads/p/l/40311958-3_1-wonderchef-ruby-plus-glass-manual-gas-stove-1-glass-top-2-brass-burners-2-heavy-pan-supports-with-2-years-warranty.jpg'}, {'s': 'https://www.bigbasket.com/media/uploads/p/s/40311958-4_1-wonderchef-ruby-plus-glass-manual-gas-stove-1-glass-top-2-brass-burners-2-heavy-pan-supports-with-2-years-warranty.jpg', 'm': 'https://www.bigbasket.com/media/uploads/p/m/40311958-4_1-wonderchef-ruby-plus-glass-manual-gas-stove-1-glass-top-2-brass-burners-2-heavy-pan-supports-with-2-years-warranty.jpg', 'l': 'https://www.bigbasket.com/media/uploads/p/l/40311958-4_1-wonderchef-ruby-plus-glass-manual-gas-stove-1-glass-top-2-brass-burners-2-heavy-pan-supports-with-2-years-warranty.jpg'}, {'s': 'https://www.bigbasket.com/media/uploads/p/s/40311958-5_1-wonderchef-ruby-plus-glass-manual-gas-stove-1-glass-top-2-brass-burners-2-heavy-pan-supports-with-2-years-warranty.jpg', 'm': 'https://www.bigbasket.com/media/uploads/p/m/40311958-5_1-wonderchef-ruby-plus-glass-manual-gas-stove-1-glass-top-2-brass-burners-2-heavy-pan-supports-with-2-years-warranty.jpg', 'l': 'https://www.bigbasket.com/media/uploads/p/l/40311958-5_1-wonderchef-ruby-plus-glass-manual-gas-stove-1-glass-top-2-brass-burners-2-heavy-pan-supports-with-2-years-warranty.jpg'}]"
40273456,"""8904216514011""","(Ayush LPG Glass Cooktop - 2 Burner, Stainless Steel Body, Sturdy & Durable)Pigeon by Stovekraft[1]{ pc}<3999>",Pigeon by Stovekraft,1.0,pc,1,1, pc,3999.0,"Kitchen, Garden & Pets",Cookware & Non Stick,Gas Stove,NAN,"[{'s': 'https://www.bigbasket.com/media/uploads/p/s/40273456_3-pigeon-by-stovekraft-ayush-lpg-glass-cooktop-2-burner-stainless-steel-body-sturdy-durable.jpg', 'm': 'https://www.bigbasket.com/media/uploads/p/m/40273456_3-pigeon-by-stovekraft-ayush-lpg-glass-cooktop-2-burner-stainless-steel-body-sturdy-durable.jpg', 'l': 'https://www.bigbasket.com/media/uploads/p/l/40273456_3-pigeon-by-stovekraft-ayush-lpg-glass-cooktop-2-burner-stainless-steel-body-sturdy-durable.jpg'}, {'s': 'https://www.bigbasket.com/media/uploads/p/s/40273456-2_1-pigeon-by-stovekraft-ayush-lpg-glass-cooktop-2-burner-stainless-steel-body-sturdy-durable.jpg', 'm': 'https://www.bigbasket.com/media/uploads/p/m/40273456-2_1-pigeon-by-stovekraft-ayush-lpg-glass-cooktop-2-burner-stainless-steel-body-sturdy-durable.jpg', 'l': 'https://www.bigbasket.com/media/uploads/p/l/40273456-2_1-pigeon-by-stovekraft-ayush-lpg-glass-cooktop-2-burner-stainless-steel-body-sturdy-durable.jpg'}]"
40304268,"""8904214713492""",(Acura 4 Burner Glass Cooktop)Wonderchef[1]{ pc}<10000>,Wonderchef,1.0,pc,1,1, pc,10000.0,"Kitchen, Garden & Pets",Cookware & Non Stick,Gas Stove,NAN,"[{'s': 'https://www.bigbasket.com/media/uploads/p/s/40304268_1-wonderchef-acura-4-burner-glass-cooktop.jpg', 'm': 'https://www.bigbasket.com/media/uploads/p/m/40304268_1-wonderchef-acura-4-burner-glass-cooktop.jpg', 'l': 'https://www.bigbasket.com/media/uploads/p/l/40304268_1-wonderchef-acura-4-burner-glass-cooktop.jpg'}, {'s': 'https://www.bigbasket.com/media/uploads/p/s/40304268-2_1-wonderchef-acura-4-burner-glass-cooktop.jpg', 'm': 'https://www.bigbasket.com/media/uploads/p/m/40304268-2_1-wonderchef-acura-4-burner-glass-cooktop.jpg', 'l': 'https://www.bigbasket.com/media/uploads/p/l/40304268-2_1-wonderchef-acura-4-burner-glass-cooktop.jpg'}, {'s': 'https://www.bigbasket.com/media/uploads/p/s/40304268-3_1-wonderchef-acura-4-burner-glass-cooktop.jpg', 'm': 'https://www.bigbasket.com/media/uploads/p/m/40304268-3_1-wonderchef-acura-4-burner-glass-cooktop.jpg', 'l': 'https://www.bigbasket.com/media/uploads/p/l/40304268-3_1-wonderchef-acura-4-burner-glass-cooktop.jpg'}, {'s': 'https://www.bigbasket.com/media/uploads/p/s/40304268-4_1-wonderchef-acura-4-burner-glass-cooktop.jpg', 'm': 'https://www.bigbasket.com/media/uploads/p/m/40304268-4_1-wonderchef-acura-4-burner-glass-cooktop.jpg', 'l': 'https://www.bigbasket.com/media/uploads/p/l/40304268-4_1-wonderchef-acura-4-burner-glass-cooktop.jpg'}, {'s': 'https://www.bigbasket.com/media/uploads/p/s/40304268-5_1-wonderchef-acura-4-burner-glass-cooktop.jpg', 'm': 'https://www.bigbasket.com/media/uploads/p/m/40304268-5_1-wonderchef-acura-4-burner-glass-cooktop.jpg', 'l': 'https://www.bigbasket.com/media/uploads/p/l/40304268-5_1-wonderchef-acura-4-burner-glass-cooktop.jpg'}, {'s': 'https://www.bigbasket.com/media/uploads/p/s/40304268-6_1-wonderchef-acura-4-burner-glass-cooktop.jpg', 'm': 'https://www.bigbasket.com/media/uploads/p/m/40304268-6_1-wonderchef-acura-4-burner-glass-cooktop.jpg', 'l': 'https://www.bigbasket.com/media/uploads/p/l/40304268-6_1-wonderchef-acura-4-burner-glass-cooktop.jpg'}]"
40234620,"""40234620""","(Favourite - 3 Burner Gas Stove, High Powered Brass, Cooktop With Glass Top & Stainless Steel Body, Black)Pigeon by Stovekraft[1]{ pc}<4725>",Pigeon by Stovekraft,1.0,pc,1,1, pc,4725.0,"Kitchen, Garden & Pets",Cookware & Non Stick,Gas Stove,NAN,"[{'s': 'https://www.bigbasket.com/media/uploads/p/s/40234620_1-pigeon-favourite-3-burner-gas-stove-high-powered-brass-cooktop-with-glass-top-stainless-steel-body-black.jpg', 'm': 'https://www.bigbasket.com/media/uploads/p/m/40234620_1-pigeon-favourite-3-burner-gas-stove-high-powered-brass-cooktop-with-glass-top-stainless-steel-body-black.jpg', 'l': 'https://www.bigbasket.com/media/uploads/p/l/40234620_1-pigeon-favourite-3-burner-gas-stove-high-powered-brass-cooktop-with-glass-top-stainless-steel-body-black.jpg'}, {'s': 'https://www.bigbasket.com/media/uploads/p/s/40234620-2_1-pigeon-favourite-3-burner-gas-stove-high-powered-brass-cooktop-with-glass-top-stainless-steel-body-black.jpg', 'm': 'https://www.bigbasket.com/media/uploads/p/m/40234620-2_1-pigeon-favourite-3-burner-gas-stove-high-powered-brass-cooktop-with-glass-top-stainless-steel-body-black.jpg', 'l': 'https://www.bigbasket.com/media/uploads/p/l/40234620-2_1-pigeon-favourite-3-burner-gas-stove-high-powered-brass-cooktop-with-glass-top-stainless-steel-body-black.jpg'}, {'s': 'https://www.bigbasket.com/media/uploads/p/s/40234620-3_1-pigeon-favourite-3-burner-gas-stove-high-powered-brass-cooktop-with-glass-top-stainless-steel-body-black.jpg', 'm': 'https://www.bigbasket.com/media/uploads/p/m/40234620-3_1-pigeon-favourite-3-burner-gas-stove-high-powered-brass-cooktop-with-glass-top-stainless-steel-body-black.jpg', 'l': 'https://www.bigbasket.com/media/uploads/p/l/40234620-3_1-pigeon-favourite-3-burner-gas-stove-high-powered-brass-cooktop-with-glass-top-stainless-steel-body-black.jpg'}, {'s': 'https://www.bigbasket.com/media/uploads/p/s/40234620-4_1-pigeon-favourite-3-burner-gas-stove-high-powered-brass-cooktop-with-glass-top-stainless-steel-body-black.jpg', 'm': 'https://www.bigbasket.com/media/uploads/p/m/40234620-4_1-pigeon-favourite-3-burner-gas-stove-high-powered-brass-cooktop-with-glass-top-stainless-steel-body-black.jpg', 'l': 'https://www.bigbasket.com/media/uploads/p/l/40234620-4_1-pigeon-favourite-3-burner-gas-stove-high-powered-brass-cooktop-with-glass-top-stainless-steel-body-black.jpg'}, {'s': 'https://www.bigbasket.com/media/uploads/p/s/40234620-5_1-pigeon-favourite-3-burner-gas-stove-high-powered-brass-cooktop-with-glass-top-stainless-steel-body-black.jpg', 'm': 'https://www.bigbasket.com/media/uploads/p/m/40234620-5_1-pigeon-favourite-3-burner-gas-stove-high-powered-brass-cooktop-with-glass-top-stainless-steel-body-black.jpg', 'l': 'https://www.bigbasket.com/media/uploads/p/l/40234620-5_1-pigeon-favourite-3-burner-gas-stove-high-powered-brass-cooktop-with-glass-top-stainless-steel-body-black.jpg'}, {'s': 'https://www.bigbasket.com/media/uploads/p/s/40234620-6_1-pigeon-favourite-3-burner-gas-stove-high-powered-brass-cooktop-with-glass-top-stainless-steel-body-black.jpg', 'm': 'https://www.bigbasket.com/media/uploads/p/m/40234620-6_1-pigeon-favourite-3-burner-gas-stove-high-powered-brass-cooktop-with-glass-top-stainless-steel-body-black.jpg', 'l': 'https://www.bigbasket.com/media/uploads/p/l/40234620-6_1-pigeon-favourite-3-burner-gas-stove-high-powered-brass-cooktop-with-glass-top-stainless-steel-body-black.jpg'}, {'s': 'https://www.bigbasket.com/media/uploads/p/s/40234620-7_1-pigeon-favourite-3-burner-gas-stove-high-powered-brass-cooktop-with-glass-top-stainless-steel-body-black.jpg', 'm': 'https://www.bigbasket.com/media/uploads/p/m/40234620-7_1-pigeon-favourite-3-burner-gas-stove-high-powered-brass-cooktop-with-glass-top-stainless-steel-body-black.jpg', 'l': 'https://www.bigbasket.com/media/uploads/p/l/40234620-7_1-pigeon-favourite-3-burner-gas-stove-high-powered-brass-cooktop-with-glass-top-stainless-steel-body-black.jpg'}, {'s': 'https://www.bigbasket.com/media/uploads/p/s/40234620-8_1-pigeon-favourite-3-burner-gas-stove-high-powered-brass-cooktop-with-glass-top-stainless-steel-body-black.jpg', 'm': 'https://www.bigbasket.com/media/uploads/p/m/40234620-8_1-pigeon-favourite-3-burner-gas-stove-high-powered-brass-cooktop-with-glass-top-stainless-steel-body-black.jpg', 'l': 'https://www.bigbasket.com/media/uploads/p/l/40234620-8_1-pigeon-favourite-3-burner-gas-stove-high-powered-brass-cooktop-with-glass-top-stainless-steel-body-black.jpg'}]"
40104379,"""40104379""","(Gas Stove - 3 Burner, Marvel Glass Tables, GTM03L, Black 40172)Prestige[1]{ pc}<7295>",Prestige,1.0,pc,1,1, pc,7295.0,"Kitchen, Garden & Pets",Cookware & Non Stick,Gas Stove,NAN,"[{'s': 'https://www.bigbasket.com/media/uploads/p/s/40104379_3-prestige-gas-stove-3-burner-marvel-glass-tables-gtm03l-black-40172.jpg', 'm': 'https://www.bigbasket.com/media/uploads/p/m/40104379_3-prestige-gas-stove-3-burner-marvel-glass-tables-gtm03l-black-40172.jpg', 'l': 'https://www.bigbasket.com/media/uploads/p/l/40104379_3-prestige-gas-stove-3-burner-marvel-glass-tables-gtm03l-black-40172.jpg'}, {'s': 'https://www.bigbasket.com/media/uploads/p/s/40104379-2_2-prestige-gas-stove-3-burner-marvel-glass-tables-gtm03l-black-40172.jpg', 'm': 'https://www.bigbasket.com/media/uploads/p/m/40104379-2_2-prestige-gas-stove-3-burner-marvel-glass-tables-gtm03l-black-40172.jpg', 'l': 'https://www.bigbasket.com/media/uploads/p/l/40104379-2_2-prestige-gas-stove-3-burner-marvel-glass-tables-gtm03l-black-40172.jpg'}, {'s': 'https://www.bigbasket.com/media/uploads/p/s/40104379-3_2-prestige-gas-stove-3-burner-marvel-glass-tables-gtm03l-black-40172.jpg', 'm': 'https://www.bigbasket.com/media/uploads/p/m/40104379-3_2-prestige-gas-stove-3-burner-marvel-glass-tables-gtm03l-black-40172.jpg', 'l': 'https://www.bigbasket.com/media/uploads/p/l/40104379-3_2-prestige-gas-stove-3-burner-marvel-glass-tables-gtm03l-black-40172.jpg'}, {'s': 'https://www.bigbasket.com/media/uploads/p/s/40104379-4_2-prestige-gas-stove-3-burner-marvel-glass-tables-gtm03l-black-40172.jpg', 'm': 'https://www.bigbasket.com/media/uploads/p/m/40104379-4_2-prestige-gas-stove-3-burner-marvel-glass-tables-gtm03l-black-40172.jpg', 'l': 'https://www.bigbasket.com/media/uploads/p/l/40104379-4_2-prestige-gas-stove-3-burner-marvel-glass-tables-gtm03l-black-40172.jpg'}, {'s': 'https://www.bigbasket.com/media/uploads/p/s/40104379-5_2-prestige-gas-stove-3-burner-marvel-glass-tables-gtm03l-black-40172.jpg', 'm': 'https://www.bigbasket.com/media/uploads/p/m/40104379-5_2-prestige-gas-stove-3-burner-marvel-glass-tables-gtm03l-black-40172.jpg', 'l': 'https://www.bigbasket.com/media/uploads/p/l/40104379-5_2-prestige-gas-stove-3-burner-marvel-glass-tables-gtm03l-black-40172.jpg'}, {'s': 'https://www.bigbasket.com/media/uploads/p/s/40104379-6_2-prestige-gas-stove-3-burner-marvel-glass-tables-gtm03l-black-40172.jpg', 'm': 'https://www.bigbasket.com/media/uploads/p/m/40104379-6_2-prestige-gas-stove-3-burner-marvel-glass-tables-gtm03l-black-40172.jpg', 'l': 'https://www.bigbasket.com/media/uploads/p/l/40104379-6_2-prestige-gas-stove-3-burner-marvel-glass-tables-gtm03l-black-40172.jpg'}, {'s': 'https://www.bigbasket.com/media/uploads/p/s/40104379-7_2-prestige-gas-stove-3-burner-marvel-glass-tables-gtm03l-black-40172.jpg', 'm': 'https://www.bigbasket.com/media/uploads/p/m/40104379-7_2-prestige-gas-stove-3-burner-marvel-glass-tables-gtm03l-black-40172.jpg', 'l': 'https://www.bigbasket.com/media/uploads/p/l/40104379-7_2-prestige-gas-stove-3-burner-marvel-glass-tables-gtm03l-black-40172.jpg'}]"
40304296,"""8904214711665""",(Platinum 4 Burner Glass Cooktop)Wonderchef[1]{ pc}<8000>,Wonderchef,1.0,pc,1,1, pc,8000.0,"Kitchen, Garden & Pets",Cookware & Non Stick,Gas Stove,NAN,"[{'s': 'https://www.bigbasket.com/media/uploads/p/s/40304296_1-wonderchef-platinum-4-burner-glass-cooktop.jpg', 'm': 'https://www.bigbasket.com/media/uploads/p/m/40304296_1-wonderchef-platinum-4-burner-glass-cooktop.jpg', 'l': 'https://www.bigbasket.com/media/uploads/p/l/40304296_1-wonderchef-platinum-4-burner-glass-cooktop.jpg'}, {'s': 'https://www.bigbasket.com/media/uploads/p/s/40304296-2_1-wonderchef-platinum-4-burner-glass-cooktop.jpg', 'm': 'https://www.bigbasket.com/media/uploads/p/m/40304296-2_1-wonderchef-platinum-4-burner-glass-cooktop.jpg', 'l': 'https://www.bigbasket.com/media/uploads/p/l/40304296-2_1-wonderchef-platinum-4-burner-glass-cooktop.jpg'}, {'s': 'https://www.bigbasket.com/media/uploads/p/s/40304296-3_1-wonderchef-platinum-4-burner-glass-cooktop.jpg', 'm': 'https://www.bigbasket.com/media/uploads/p/m/40304296-3_1-wonderchef-platinum-4-burner-glass-cooktop.jpg', 'l': 'https://www.bigbasket.com/media/uploads/p/l/40304296-3_1-wonderchef-platinum-4-burner-glass-cooktop.jpg'}, {'s': 'https://www.bigbasket.com/media/uploads/p/s/40304296-4_1-wonderchef-platinum-4-burner-glass-cooktop.jpg', 'm': 'https://www.bigbasket.com/media/uploads/p/m/40304296-4_1-wonderchef-platinum-4-burner-glass-cooktop.jpg', 'l': 'https://www.bigbasket.com/media/uploads/p/l/40304296-4_1-wonderchef-platinum-4-burner-glass-cooktop.jpg'}, {'s': 'https://www.bigbasket.com/media/uploads/p/s/40304296-5_1-wonderchef-platinum-4-burner-glass-cooktop.jpg', 'm': 'https://www.bigbasket.com/media/uploads/p/m/40304296-5_1-wonderchef-platinum-4-burner-glass-cooktop.jpg', 'l': 'https://www.bigbasket.com/media/uploads/p/l/40304296-5_1-wonderchef-platinum-4-burner-glass-cooktop.jpg'}]"
